Title,Author,My Rating,Number of Pages,Date Started,Date Read,Exclusive Shelf,Genre
The Midnight Library,Matt Haig,5.0,304,2024-01-01,2024-01-15,read,Fiction
The Humans,Matt Haig,4.5,375,2024-01-20,2024-02-05,read,Fiction
Atomic Habits,James Clear,5.0,320,2024-01-10,2024-02-05,read,Self-Help
Project Hail Mary,Andy Weir,5.0,496,2024-02-01,2024-03-10,read,Science Fiction
The Martian,Andy Weir,5.0,369,2024-03-01,2024-03-25,read,Science Fiction
Klara and the Sun,Kazuo Ishiguro,4.0,320,2024-03-05,2024-03-25,read,Fiction
The Book of Form and Emptiness,Ruth Ozeki,4.5,625,2024-02-15,2024-04-20,read,Fiction
A Deadly Education,Naomi Novik,4.0,304,2024-04-01,2024-04-28,read,Fantasy
Uprooted,Naomi Novik,4.5,430,2024-04-15,2024-05-05,read,Fantasy
The Seven Husbands of Evelyn Hugo,Taylor Jenkins Reid,5.0,400,2024-04-10,2024-05-02,read,Historical Fiction
Piranesi,Susanna Clarke,4.5,235,2024-05-01,2024-05-12,read,Fantasy
The Thursday Murder Club,Richard Osman,4.5,384,2024-04-20,2024-05-10,read,Mystery
Tomorrow and Tomorrow and Tomorrow,Gabrielle Zevin,5.0,864,2024-03-15,2024-05-13,read,Fiction
Currently Reading Book,Some Author,3.0,300,2024-05-01,2099-01-01,currently-reading,Fiction
Book to Read Soon,Another Author,4.0,250,2024-05-01,2099-01-01,to-read,Mystery
Did Not Finish This,Bad Writer,2.0,500,2024-04-01,2099-01-01,dnf,Thriller
